{
    "application": {
        "id": "",
        "title": "Demo",
        "description": "Gives a Demo of VizFrame Charts",
        "type": "SAP_UI5_Component",
        "componentUrl": "/",
        "appUrl": "#Demo-Display",
        "navigationComponentName": "Demo",
        "intentSemanticObject": "Demo",
        "intentAction": "Display",
        "html5ApplicationName": "demo",
        "HCPParentApplicationName": ""
    },
    "assignment": {
        "groups": [
            "58b5cd24-3514-48e0-92e0-f482ff0d28e7"
        ],
        "contentPackages": [
            "350dee7d-c514-42cc-89e9-97d3809c9379"
        ],
        "categories": []
    },
    "tile": {
        "type": "StaticTile",
        "title": "Demo",
        "subtitle": "Demo For Charts",
        "searchKeywords": "Demo,Demo For Charts",
        "displayIconUrl": "sap-icon://bar-chart",
        "displayInfoText": "",
        "size": "1x1",
        "serviceURL": "",
        "refreshInterval": ""
    }
}